﻿{"cameraMode":{"drawMode":0,"name":"Shaded","section":"Shading Mode"},"sceneLighting":true,"audioPlay":false,"sceneViewState":{"m_AlwaysRefresh":false,"showFog":true,"showSkybox":true,"showFlares":true,"showImageEffects":true,"showParticleSystems":true,"showVisualEffectGraphs":true,"m_FxEnabled":true},"in2DMode":false,"pivot":{"x":-19.990140914916993,"y":1.6993608474731446,"z":-20.555301666259767},"rotation":{"x":0.006330307573080063,"y":-0.9359585046768189,"z":0.016848934814333917,"w":0.3516542911529541},"size":19.750255584716798,"orthographic":false}